{
  "export": {
    "dropped": 0,
    "exported": 3,
    "queue_depth": 0
  },
  "snapshot": {
    "five_minutes": {
      "memories_created_total": {
        "count": 1,
        "max": 1,
        "mean": 1,
        "min": 1,
        "p50": 1,
        "p90": 1,
        "p99": 1,
        "sum": 1
      },
      "store_activation": {
        "count": 1,
        "max": 0.849991500377655,
        "mean": 0.849991500377655,
        "min": 0.849991500377655,
        "p50": 0.849991500377655,
        "p90": 0.849991500377655,
        "p99": 0.849991500377655,
        "sum": 0.849991500377655
      },
      "store_duration_seconds": {
        "count": 1,
        "max": 0.000591,
        "mean": 0.000591,
        "min": 0.000591,
        "p50": 0.000591,
        "p90": 0.000591,
        "p99": 0.000591,
        "sum": 0.000591
      }
    },
    "one_minute": {
      "memories_created_total": {
        "count": 1,
        "max": 1,
        "mean": 1,
        "min": 1,
        "p50": 1,
        "p90": 1,
        "p99": 1,
        "sum": 1
      },
      "store_activation": {
        "count": 1,
        "max": 0.849991500377655,
        "mean": 0.849991500377655,
        "min": 0.849991500377655,
        "p50": 0.849991500377655,
        "p90": 0.849991500377655,
        "p99": 0.849991500377655,
        "sum": 0.849991500377655
      },
      "store_duration_seconds": {
        "count": 1,
        "max": 0.000591,
        "mean": 0.000591,
        "min": 0.000591,
        "p50": 0.000591,
        "p90": 0.000591,
        "p99": 0.000591,
        "sum": 0.000591
      }
    },
    "one_second": {
      "memories_created_total": {
        "count": 1,
        "max": 1,
        "mean": 1,
        "min": 1,
        "p50": 1,
        "p90": 1,
        "p99": 1,
        "sum": 1
      },
      "store_activation": {
        "count": 1,
        "max": 0.849991500377655,
        "mean": 0.849991500377655,
        "min": 0.849991500377655,
        "p50": 0.849991500377655,
        "p90": 0.849991500377655,
        "p99": 0.849991500377655,
        "sum": 0.849991500377655
      },
      "store_duration_seconds": {
        "count": 1,
        "max": 0.000591,
        "mean": 0.000591,
        "min": 0.000591,
        "p50": 0.000591,
        "p90": 0.000591,
        "p99": 0.000591,
        "sum": 0.000591
      }
    },
    "schema_version": "1.0.0",
    "ten_seconds": {
      "memories_created_total": {
        "count": 1,
        "max": 1,
        "mean": 1,
        "min": 1,
        "p50": 1,
        "p90": 1,
        "p99": 1,
        "sum": 1
      },
      "store_activation": {
        "count": 1,
        "max": 0.849991500377655,
        "mean": 0.849991500377655,
        "min": 0.849991500377655,
        "p50": 0.849991500377655,
        "p90": 0.849991500377655,
        "p99": 0.849991500377655,
        "sum": 0.849991500377655
      },
      "store_duration_seconds": {
        "count": 1,
        "max": 0.000591,
        "mean": 0.000591,
        "min": 0.000591,
        "p50": 0.000591,
        "p90": 0.000591,
        "p99": 0.000591,
        "sum": 0.000591
      }
    }
  }
}
