{
  "export": {
    "dropped": 0,
    "exported": 3081,
    "queue_depth": 2319
  },
  "snapshot": {
    "five_minutes": {
      "count": 3081,
      "max": 802.0,
      "mean": 117.2360164775008,
      "min": 0.0,
      "p50": 13.0,
      "p90": 484.0,
      "p99": 762.0,
      "sum": 361204.16676717997
    },
    "one_minute": {
      "count": 3081,
      "max": 802.0,
      "mean": 117.2360164775008,
      "min": 0.0,
      "p50": 13.0,
      "p90": 484.0,
      "p99": 762.0,
      "sum": 361204.16676717997
    },
    "one_second": {
      "count": 0,
      "max": 0.0,
      "mean": 0.0,
      "min": 0.0,
      "p50": 0.0,
      "p90": 0.0,
      "p99": 0.0,
      "sum": 0.0
    },
    "ten_seconds": {
      "count": 3081,
      "max": 802.0,
      "mean": 117.2360164775008,
      "min": 0.0,
      "p50": 13.0,
      "p90": 484.0,
      "p99": 762.0,
      "sum": 361204.16676717997
    }
  }
}