{
  "export": {
    "dropped": 0,
    "exported": 1033,
    "queue_depth": 1676
  },
  "snapshot": {
    "five_minutes": {
      "count": 1033,
      "max": 348.0,
      "mean": 66.2038108126007,
      "min": 0.0,
      "p50": 8.0,
      "p90": 236.0,
      "p99": 328.0,
      "sum": 68388.53656941652
    },
    "one_minute": {
      "count": 1033,
      "max": 348.0,
      "mean": 66.2038108126007,
      "min": 0.0,
      "p50": 8.0,
      "p90": 236.0,
      "p99": 328.0,
      "sum": 68388.53656941652
    },
    "one_second": {
      "count": 0,
      "max": 0.0,
      "mean": 0.0,
      "min": 0.0,
      "p50": 0.0,
      "p90": 0.0,
      "p99": 0.0,
      "sum": 0.0
    },
    "ten_seconds": {
      "count": 1033,
      "max": 348.0,
      "mean": 66.2038108126007,
      "min": 0.0,
      "p50": 8.0,
      "p90": 236.0,
      "p99": 328.0,
      "sum": 68388.53656941652
    }
  }
}