{
  "export": {
    "dropped": 0,
    "exported": 9,
    "queue_depth": 0
  },
  "snapshot": {
    "five_minutes": {
      "count": 9,
      "max": 120.0,
      "mean": 38.93981481260724,
      "min": 0.0,
      "p50": 5.0,
      "p90": 100.0,
      "p99": 120.0,
      "sum": 350.4583333134651
    },
    "one_minute": {
      "count": 9,
      "max": 120.0,
      "mean": 38.93981481260724,
      "min": 0.0,
      "p50": 5.0,
      "p90": 100.0,
      "p99": 120.0,
      "sum": 350.4583333134651
    },
    "one_second": {
      "count": 9,
      "max": 120.0,
      "mean": 38.93981481260724,
      "min": 0.0,
      "p50": 5.0,
      "p90": 100.0,
      "p99": 120.0,
      "sum": 350.4583333134651
    },
    "ten_seconds": {
      "count": 9,
      "max": 120.0,
      "mean": 38.93981481260724,
      "min": 0.0,
      "p50": 5.0,
      "p90": 100.0,
      "p99": 120.0,
      "sum": 350.4583333134651
    }
  }
}